Fund,N,EVaR_99,EVaR_99_1y,Source
SP500TR,9402,-0.0789021274874936,-0.458833019960561,SP500TR

