Fund,N,AnnReturn,CAGR,Flag,ETL_1,ETL_5,mu,omega,alpha1,gamma1,beta1,skew,shape
SP500TR,9402,0.103731627670886,0.0913531654644819,0,-0.40030619738752,-0.264267712249215,0.000328233405091968,-0.204081726910198,-0.131153038119331,0.140713770633513,0.978245202444002,-0.20166112925364,2.06588780768273

