Fund,N,AnnReturn,CAGR,Flag,ETL_1,ETL_5,mu,omega,alpha1,gamma1,beta1,skew,shape
SP500TR,9402,0.103731627670886,0.0913531654644819,0,-0.393730779782108,-0.257593807499086,0.000345583319331005,-0.198464821750002,-0.130342330277899,0.13981161522802,0.978856222233821,-0.863788477233735,8.02

